32,Shaun,Java,Tokyo,Morning
32,Shaun,Java,Tokyo,Morning
32,Shaun,Java,Tokyo,Morning
32,Shaun,Java,Tokyo,Morning
32,Shaun,Java,Tokyo,Morning
32,Shaun,Java,Tokyo,Morning
32,Shaun,Java,Tokyo,Morning
32,Shaun,Java,Tokyo,Morning
32,Shaun,Java,Tokyo,Morning
32,Shaun,Java,Tokyo,Morning
32,Shaun,Java,Tokyo,Morning
32,Shaun,Java,Tokyo,Morning
32,Shaun,Java,Tokyo,Morning
32,Shaun,Java,Tokyo,Morning
32,Shaun,Java,Tokyo,Morning
32,Shaun,Java,Tokyo,Morning
55,Shauns,Java,Tokyo,Morning
55,Shauns,Java,Tokyo,Morning
55,Shauns,Java,Tokyo,Morning
55,Shauns,Java,Tokyo,Morning
55,Shauns,Java,Tokyo,Morning
55,Shauns,Java,Tokyo,Morning
55,Shauns,Java,Tokyo,Morning
55,Shauns,Java,Tokyo,Morning
55,Shauns,Java,Tokyo,Morning
55,Shauns,Java,Tokyo,Morning
55,Shauns,Java,Tokyo,Morning
55,Shauns,Java,Tokyo,Morning
55,Shauns,Java,Tokyo,Morning
55,Shauns,Java,Tokyo,Morning
55,Shauns,Java,Tokyo,Morning
55,Shauns,Java,Tokyo,Morning
55,Shauns,Java,Tokyo,Morning
55,Shauns,Java,Tokyo,Morning
55,Shauns,Java,Tokyo,Morning
55,Shauns,Java,Tokyo,Morning
55,Shauns,Java,Tokyo,Morning
55,Shauns,Java,Tokyo,Morning
